"titulo","autor","precio","enlace"
"EL HOMBRE MAS RICO DE BABILONIA","Clason George","$19.500,00","https://www.yenny-elateneo.com/productos/el-hombre-mas-rico-de-babilonia/"
"32 HISTORIAS QUE TODO LIDER DEBERIA LEER","Claudio Zuchovicki / Jonatan Marcos Loidi","$32.900,00","https://www.yenny-elateneo.com/productos/32-historias-que-todo-lider-deberia-leer/"
"LAS 48 LEYES DEL PODER","Robert Greene","$42.700,00","https://www.yenny-elateneo.com/productos/las-48-leyes-del-poder/"
"TECNOFEUDALISMO","Yanis Varoufakis","$33.900,00","https://www.yenny-elateneo.com/productos/tecnofeudalismo1/"
"LOS SECRETOS DE LA MENTE MILLONARIA","T. Harv Eker","$34.200,00","https://www.yenny-elateneo.com/productos/los-secretos-de-la-mente-millonaria/"
"HABLEMOS DE DINERO","Sabrina Castelli","$37.799,00","https://www.yenny-elateneo.com/productos/hablemos-de-dinero/"
"ROMPE LA BARRERA DEL NO","Chris Voss","$26.799,00","https://www.yenny-elateneo.com/productos/rompe-la-barrera-del-no1/"
"DE LA INCERTIDUMBRE A LA ABUNDANCIA","Gabriela Totaro","$24.500,00","https://www.yenny-elateneo.com/productos/de-la-incertidumbre-a-la-abundancia/"
"PENSAR RAPIDO PENSAR DESPACIO","Daniel Kahneman","$52.399,00","https://www.yenny-elateneo.com/productos/pensar-rapido-pensar-despacio/"
"ARGENTINA FEDERAL","Martin Redrado / Jose Urtubey","$35.699,00","https://www.yenny-elateneo.com/productos/argentina-federal/"
"INQUEBRANTABLE","Tony J. Robbins","$28.900,00","https://www.yenny-elateneo.com/productos/inquebrantable/"
"EMPRENDE TU PROPIO NEGOCIO","Brian Tracy","$24.699,00","https://www.yenny-elateneo.com/productos/emprende-tu-propio-negocio/"
"PENSAR RAPIDO PENSAR DESPACIO","Daniel Kahneman","$36.299,00","https://www.yenny-elateneo.com/productos/pensar-rapido-pensar-despacio1/"
"MBA - GUIA VISUAL","Jason Barron","$29.300,00","https://www.yenny-elateneo.com/productos/mba-guia-visual/"
"QUIEN SE HA LLEVADO MI QUESO?","Spencer Johnson","$30.100,00","https://www.yenny-elateneo.com/productos/quien-se-ha-llevado-mi-queso/"
"COCINA DE LA POLITICA ECONOMICA ARGENTIN","Juan Carlos De Pablo / Ezequiel Burgo","$38.299,00","https://www.yenny-elateneo.com/productos/cocina-de-la-politica-economica-argentin/"
"EL METODO SCALPER","Lady Market","$45.000,00","https://www.yenny-elateneo.com/productos/el-metodo-scalper/"
"DIARIO DE UN CEO","Steven Berlett","$33.600,00","https://www.yenny-elateneo.com/productos/diario-de-un-ceo/"
"INMUEBLES Y FAMILIA","Santiago Mantilla / Pedro Vazquez","$51.700,00","https://www.yenny-elateneo.com/productos/inmuebles-y-familia/"
"LAS CINCO DISFUNCIONES DE UN EQUIPO","Patrick Lencioni","$33.800,00","https://www.yenny-elateneo.com/productos/las-cinco-disfunciones-de-un-equipo/"
"HERRAMIENTAS PARA LIDERES DEL SIGLO XXI","Paula Molinari","$31.990,00","https://www.yenny-elateneo.com/productos/herramientas-para-lideres-del-siglo-xxi/"
"GUIA ARGENTINA DE FRANQUICIAS 2025","Roberto Russo","$40.000,00","https://www.yenny-elateneo.com/productos/guia-argentina-de-franquicias-2025/"
"DIRIGIR CON INTELIGENCIA EMOCIONAL","Albert Alegre Rosello","$27.740,76","https://www.yenny-elateneo.com/productos/dirigir-con-inteligencia-emocional/"
"SENTIDO DE LIDER","Alberto Sanjurjo","$26.000,00","https://www.yenny-elateneo.com/productos/sentido-de-lider1/"
"PIENSE Y HAGASE RICO. EL LEGADO","Napoleon Hill","$29.900,00","https://www.yenny-elateneo.com/productos/piense-y-hagase-rico-el-legado/"
"VENDELE A LA MENTE NO A LA GENTE","Jurgen Klaric","$27.900,00","https://www.yenny-elateneo.com/productos/vendele-a-la-mente-no-a-la-gente/"
"ARTE DE LA SEDUCCION EL - N.E","Robert Greene","$42.700,00","https://www.yenny-elateneo.com/productos/arte-de-la-seduccion-el-n-e/"
"STEVE JOBS. LECCIONES DE LIDERAZGO","Walter Isaacson","$28.999,00","https://www.yenny-elateneo.com/productos/steve-jobs-lecciones-de-liderazgo/"
"MALA LECHE","Soledad Barruti","$29.900,00","https://www.yenny-elateneo.com/productos/mala-leche1/"
"100 SECRETOS DE INNOVACION","Martina Rua","$35.699,00","https://www.yenny-elateneo.com/productos/100-secretos-de-innovacion/"
"COMO DAR UN FEEDBACK EFECTIVO","Harvard Business Review","$10.662,80","https://www.yenny-elateneo.com/productos/como-dar-un-feedback-efectivo/"
"COMO GESTIONAR LA RELACIÓN CON TU SUPERIOR","Harvard Business Review","$10.662,80","https://www.yenny-elateneo.com/productos/como-gestionar-la-relacion-con-tu-superior/"
"LA ACTITUD MENTAL POSITIVA","Napoleon Hill / W. Clement Stone","$28.599,00","https://www.yenny-elateneo.com/productos/la-actitud-mental-positiva/"
"MENTE MILLONARIA","Gerardo Garcia Manjarrez","$20.500,00","https://www.yenny-elateneo.com/productos/mente-millonaria/"
"LOS SECRETOS DE LA MENTE MILLONARIA ED 20 ANIVERSARIO","T. Harv Eker","$40.500,00","https://www.yenny-elateneo.com/productos/los-secretos-de-la-mente-millonaria-ed-20-aniversario/"
"DIRIGIR Y MOTIVAR EQUIPOS","Miguel Angel Aguirre Sanchez","$28.492,40","https://www.yenny-elateneo.com/productos/dirigir-y-motivar-equipos/"
"EL METODO SMART BREVITY","Jim Vandehei / Mike Allen / Roy Schwartz","$24.500,00","https://www.yenny-elateneo.com/productos/el-metodo-smart-brevity/"
"RETIRATE JOVEN Y RICO","Robert T. Kiyosaki","$30.899,00","https://www.yenny-elateneo.com/productos/retirate-joven-y-rico/"
"LIBRO NEGRO DEL EMPRENDEDOR EL (NE)","Fernando Trias De Bes","$22.300,00","https://www.yenny-elateneo.com/productos/libro-negro-del-emprendedor-el-ne/"
"SIGUEME. EL PODER DE UN VERDADERO LIDER","John C. Maxwell","$20.000,00","https://www.yenny-elateneo.com/productos/sigueme-el-poder-de-un-verdadero-lider/"
"POR QUE LOS RICOS SE VUELVEN MAS RICOS","Robert T. Kiyosaki","$26.999,00","https://www.yenny-elateneo.com/productos/por-que-los-ricos-se-vuelven-mas-ricos/"
"ACTITUD MENTAL POSITIVA","Napoleon Hill / W. Clement Stone","$30.900,00","https://www.yenny-elateneo.com/productos/actitud-mental-positiva/"
"ENTENDER PARA GANAR","Sofia Stamateas","$24.500,00","https://www.yenny-elateneo.com/productos/entender-para-ganar/"
"EMPRENDER","Dan Kieran","$20.500,00","https://www.yenny-elateneo.com/productos/emprender/"
"VOLVER A KEYNES","Axel Kicillof","$31.990,00","https://www.yenny-elateneo.com/productos/volver-a-keynes/"
"PRODUCTIVIDAD FEEL GOOD","Ali Abdaal","$30.900,00","https://www.yenny-elateneo.com/productos/productividad-feel-good/"
"GIRANDO LA RUEDA","Jim Collins","$15.732,00","https://www.yenny-elateneo.com/productos/girando-la-rueda/"
"LIDERANDO EQUIPOS","Harvard Business Review","$27.968,00","https://www.yenny-elateneo.com/productos/liderando-equipos/"
"FELICIDAD","Harvard Business Review","$10.837,60","https://www.yenny-elateneo.com/productos/felicidad1/"
"LIDERES EXTRAORDINARIOS QUE CAMBIARON EL MUNDO","Tomas Perez Herrera","$42.500,00","https://www.yenny-elateneo.com/productos/lideres-extraordinarios-que-cambiaron-el-mundo/"
"LA RIQUEZA DE LAS NACIONES","Adam Smith","$30.170,48","https://www.yenny-elateneo.com/productos/la-riqueza-de-las-naciones1/"
"EL SANTO GRIAL DE LA INVERSION","Christopher Zook / Tony J. Robbins","$39.900,00","https://www.yenny-elateneo.com/productos/el-santo-grial-de-la-inversion/"
"EL LOBO DE LAS INVERSIONES","Jordan Belfort","$34.100,00","https://www.yenny-elateneo.com/productos/el-lobo-de-las-inversiones/"
"¿JUGAMOS?","Claudio Guz","$34.990,00","https://www.yenny-elateneo.com/productos/jugamos2/"
"QUIEN SE HA LLEVADO MI QUESO (NE)","Spencer Johnson","$30.100,00","https://www.yenny-elateneo.com/productos/quien-se-ha-llevado-mi-queso-ne/"
"LIDERA CON GRATITUD","Adrian Gostick / Chester Elton","$23.000,00","https://www.yenny-elateneo.com/productos/lidera-con-gratitud/"
"MARKETING EMPRESARIAL","Phillip Kotler","$47.900,00","https://www.yenny-elateneo.com/productos/marketing-empresarial/"
"INCREMENTA TU IQ FINANCIERO","Robert T. Kiyosaki","$26.999,00","https://www.yenny-elateneo.com/productos/incrementa-tu-iq-financiero/"
"ADN DE EMPRENDEDORA","Sheila Saad","$24.500,00","https://www.yenny-elateneo.com/productos/adn-de-emprendedora/"
"LAS CLAVES DE LA ESTRATEGIA DEL OCEANO AZUL","W. Chan Kim W. Chan Kim / Renne Mauborgne Renne Mauborgn","$46.200,00","https://www.yenny-elateneo.com/productos/las-claves-de-la-estrategia-del-oceano-azul/"
"EMPRESAS CENTRADAS EN LAS PERSONAS","Alejandro Carrera / Hernan Fitte","$34.600,00","https://www.yenny-elateneo.com/productos/empresas-centradas-en-las-personas/"
"LA NUEVA ERA DE LAS MARCAS","Marcelo Romeo","$23.900,00","https://www.yenny-elateneo.com/productos/la-nueva-era-de-las-marcas/"
"COACHING DE PERSONAS NO DE PROBLEMAS","Marcia Reynolds","$29.800,00","https://www.yenny-elateneo.com/productos/coaching-de-personas-no-de-problemas/"
"MALCOMIDOS","Soledad Barruti","$29.000,00","https://www.yenny-elateneo.com/productos/malcomidos/"
"ENCUENTRA TU PORQUE","Peter Docker / Simon Sinek / David Mead","$31.500,00","https://www.yenny-elateneo.com/productos/encuentra-tu-porque/"
"COMO EVALUAR RESULTADOS","Harvard Business Review","$10.662,80","https://www.yenny-elateneo.com/productos/como-evaluar-resultados/"
"EL ARTE DE LA GUERRA SUN TZU","Michael Nylan","$22.724,00","https://www.yenny-elateneo.com/productos/el-arte-de-la-guerra-sun-tzu/"
"COMO SER MAS PRODUCTIVO","Harvard Business Review","$15.732,00","https://www.yenny-elateneo.com/productos/como-ser-mas-productivo/"
"EL CAPITAL VOL. 1","Karl Marx","$24.790,00","https://www.yenny-elateneo.com/productos/el-capital-vol-1/"
"NEGOCIOS DIGITALES","Daniel Palacios Marques","$73.870,48","https://www.yenny-elateneo.com/productos/negocios-digitales/"
"FUTURO DESCENTRALIZADO","Claudio Fiorillo","$29.200,00","https://www.yenny-elateneo.com/productos/futuro-descentralizado/"
"MOTOSIERRA Y CONFUSION","Mercedes D'alessandro","$37.799,00","https://www.yenny-elateneo.com/productos/motosierra-y-confusion/"
"GUITA CON HISTORIA","Mariano Ezequiel Otalora","$26.999,00","https://www.yenny-elateneo.com/productos/guita-con-historia/"
"IMPROVISA","Robert Poynton","$20.500,00","https://www.yenny-elateneo.com/productos/improvisa/"
"EL EMPRENDEDOR","Arturo Elias Ayub","$37.799,00","https://www.yenny-elateneo.com/productos/el-emprendedor/"
"COMO SUPERAR EL BURNOUT","Harvard Business Review","$27.968,00","https://www.yenny-elateneo.com/productos/como-superar-el-burnout/"
"HOME OFFICE (TRABAJO REMOTO)","Harvard Business Review","$27.968,00","https://www.yenny-elateneo.com/productos/home-office-trabajo-remoto/"
"COACHING PACK","Norma Perel / Laura Fierro Evans / Damian Goldvarg / Lidia Muradep","$74.900,00","https://www.yenny-elateneo.com/productos/coaching-pack/"
"DOLARIZACION","Ocampo Emilio","$42.000,00","https://www.yenny-elateneo.com/productos/dolarizacion/"
"PLANIFICACION PATRIMONIAL PARA CELEBRITIES","Martin A. Litwak","$21.099,00","https://www.yenny-elateneo.com/productos/planificacion-patrimonial-para-celebrities/"
"UN INICIO EN LA AGILIDAD","Tomas Romero Borzi","$6.000,00","https://www.yenny-elateneo.com/productos/un-inicio-en-la-agilidad/"
"EL PODER DE SER VALIOSOS","Arnold Schwarzenegger","$24.000,00","https://www.yenny-elateneo.com/productos/el-poder-de-ser-valiosos/"
"ERES UN EMPRENDEDOR INVISIBLE?","Valen Bailon","$15.990,00","https://www.yenny-elateneo.com/productos/eres-un-emprendedor-invisible/"
"EMPRENDE IMPORTANDO","Dany Caceres","$20.990,00","https://www.yenny-elateneo.com/productos/emprende-importando/"
"LIDERES DE HOY","Maria Gabriela Hoch","$22.900,00","https://www.yenny-elateneo.com/productos/lideres-de-hoy/"
"ACTITUD MILLONARIA","Gerardo Garcia Manjarrez","$20.500,00","https://www.yenny-elateneo.com/productos/actitud-millonaria/"
"LOS 6 TALENTOS LABORALES","Patrick Lencioni","$24.200,00","https://www.yenny-elateneo.com/productos/los-6-talentos-laborales/"
"SCRUM MANUAL DE CAMPO","J.j. Sutherland","$27.700,00","https://www.yenny-elateneo.com/productos/scrum-manual-de-campo/"
"ARGENTINA 2024-2027","Juan Carlos De Pablo","$28.999,00","https://www.yenny-elateneo.com/productos/argentina-2024-2027/"
"GUIA PARA INVERTIR","Robert T. Kiyosaki","$35.199,00","https://www.yenny-elateneo.com/productos/guia-para-invertir/"
"EL CAMINO DEL LOBO","Jordan Belfort","$29.900,00","https://www.yenny-elateneo.com/productos/el-camino-del-lobo/"
"QUIERO VENDER","Daniel Colombo","$20.000,00","https://www.yenny-elateneo.com/productos/quiero-vender/"
"SELECCION POR COMPETENCIAS (NUEVA EDICION)","Martha Alles","$55.900,00","https://www.yenny-elateneo.com/productos/seleccion-por-competencias-nueva-edicion/"
"CONSTRUYENDO TALENTO","Martha Alles","$52.300,00","https://www.yenny-elateneo.com/productos/construyendo-talento/"
"DICCIONARIO DE COMPORTAMIENTOS. LA TRILOGIA. VOL 2","Martha Alles","$41.700,00","https://www.yenny-elateneo.com/productos/diccionario-de-comportamientos-la-trilogia-vol-2/"
"MERCADO DE CAPITALES: MANUAL PARA NO ESPECIALISTAS","Monica Erpen","$38.990,00","https://www.yenny-elateneo.com/productos/mercado-de-capitales-manual-para-no-especialistas/"
"DE GASTADORA A INVERSORA","Carolina Sur","$20.900,00","https://www.yenny-elateneo.com/productos/de-gastadora-a-inversora/"
"ANEM. EL CAMINO DEL EMPRENDEDOR","Lean Benedetti","$25.000,00","https://www.yenny-elateneo.com/productos/anem-el-camino-del-emprendedor/"
"MENTORES","Tim Ferris","$48.900,00","https://www.yenny-elateneo.com/productos/mentores/"
"EL EGO ES EL ENEMIGO","Ryan Holiday","$36.900,00","https://www.yenny-elateneo.com/productos/el-ego-es-el-enemigo/"
"LA ORGANIZACION SIN MIEDO","Amy Edmondson","$32.300,00","https://www.yenny-elateneo.com/productos/la-organizacion-sin-miedo/"
"DIRIGIR CON EXITO SK","Morey Stettner","$22.200,00","https://www.yenny-elateneo.com/productos/dirigir-con-exito-sk/"
"LIDERAZGCO 19-71","Ivan Armengod Martinez","$48.900,00","https://www.yenny-elateneo.com/productos/liderazgco-19-71/"
"EL JUEGO INTERIOR DEL TENIS. EDICION 50 ANIVERSARIO","W. Timothy Gallwey","$30.400,00","https://www.yenny-elateneo.com/productos/el-juego-interior-del-tenis-edicion-50-aniversario/"
"COMO APRENDER LA EXCELENCIA","Eric Potterat / Alan Eagle","$26.900,00","https://www.yenny-elateneo.com/productos/como-aprender-la-excelencia/"
"MASTERY","Robert Greene","$52.440,00","https://www.yenny-elateneo.com/productos/mastery/"
"CAMINO DE LIBERTAD","Joseph E. Stiglitz","$38.299,00","https://www.yenny-elateneo.com/productos/camino-de-libertad/"
"METODO PARA","Tiago Forte","$13.040,08","https://www.yenny-elateneo.com/productos/metodo-para/"
"COMO REALIZAR PRESENTACIONES","Harvard Business Review","$10.662,80","https://www.yenny-elateneo.com/productos/como-realizar-presentaciones/"
"COMO COLABORAR VIRTUALMENTE","Harvard Business Review","$10.662,80","https://www.yenny-elateneo.com/productos/como-colaborar-virtualmente/"
"HABLA CON SEGURIDAD. SERIE BUSINESS EXPERTS","Nick Gold","$10.662,80","https://www.yenny-elateneo.com/productos/habla-con-seguridad-serie-business-experts/"
"FUNDADORES","Jimmy Soni","$20.346,72","https://www.yenny-elateneo.com/productos/fundadores/"
"ORGANIZARSE EN EL TRABAJO. SOFT SKILLS","Kenneth Zeigler","$21.300,00","https://www.yenny-elateneo.com/productos/organizarse-en-el-trabajo-soft-skills/"
"LIDERAZGO SIN LIMITES","Ronald Heifetz","$30.590,00","https://www.yenny-elateneo.com/productos/liderazgo-sin-limites/"
"RELACIONES DE PODER EN LA OFICINA","Karen Dillon","$20.976,00","https://www.yenny-elateneo.com/productos/relaciones-de-poder-en-la-oficina/"
"CENTRATE EN EL TRABAJO IMPORTANTE","Harvard Business Review","$20.976,00","https://www.yenny-elateneo.com/productos/centrate-en-el-trabajo-importante/"
"GESTION DE PROYECTOS","Harvard Business Review","$20.976,00","https://www.yenny-elateneo.com/productos/gestion-de-proyectos/"
"AUTOCONCIENCIA","Harvard Business Review","$10.837,60","https://www.yenny-elateneo.com/productos/autoconciencia/"
"CONTROLA EL ESTRES EN EL TRABAJO","Varios Autores Varios Autores / Harvard Business Review Harvard Business Revie","$27.968,00","https://www.yenny-elateneo.com/productos/controla-el-estres-en-el-trabajo/"
"DIRECCION DE EMPRESAS","Ana Maria Castillo Clavero","$75.548,56","https://www.yenny-elateneo.com/productos/direccion-de-empresas/"
"MANUAL DE RELACIONES PUBLICAS E INSTITUCIONALES","Antonio E. Di Genova","$44.000,00","https://www.yenny-elateneo.com/productos/manual-de-relaciones-publicas-e-institucionales1/"
"MARKETING 5.0","Hermawan Kartajaya / Iwan Setiawan / Phillip Kotler","$34.900,00","https://www.yenny-elateneo.com/productos/marketing-5-0/"
"EL HILO DE ORO","Pablo Lamas","$18.000,00","https://www.yenny-elateneo.com/productos/el-hilo-de-oro/"
"CREENCIAS ECONOMICAS","Ernesto Sandler","$3.000,00","https://www.yenny-elateneo.com/productos/creencias-economicas/"
"HISTORIA DEL DINERO","Kwasi Kwarteng","$27.700,00","https://www.yenny-elateneo.com/productos/historia-del-dinero1/"
"EL CAPITAL DE RIESGO","Sebastian Mallaby","$33.800,00","https://www.yenny-elateneo.com/productos/el-capital-de-riesgo/"
"MENDIGOS DEL MUNDO","Diego Benenzon","$31.990,00","https://www.yenny-elateneo.com/productos/mendigos-del-mundo/"
"FILOSOFIA PARA DIRECTIVOS","Rais Buson","$26.500,00","https://www.yenny-elateneo.com/productos/filosofia-para-directivos/"
"LA RIQUEZA DE LA DIVERSIDAD","Sally Helgesen","$24.600,00","https://www.yenny-elateneo.com/productos/la-riqueza-de-la-diversidad/"
"MIRADAS SOBRE LA DESIGUALDAD","Branko; Munoz De Bustillo Llorente Fra Milanovic","$38.999,00","https://www.yenny-elateneo.com/productos/miradas-sobre-la-desigualdad/"
"DESACTIVAR LA BOMBA","Andres Hatum","$26.999,00","https://www.yenny-elateneo.com/productos/desactivar-la-bomba/"
"PODER Y DINERO EN LA ERA DEL BITCOIN","Marco Mallamaci","$42.000,00","https://www.yenny-elateneo.com/productos/poder-y-dinero-en-la-era-del-bitcoin/"
"UN BEST SELLER PARA TODA LA VIDA","Ryan Holiday","$30.900,00","https://www.yenny-elateneo.com/productos/un-best-seller-para-toda-la-vida/"
"LA ECONOMIA EXPLICADA PARA QUE AL FIN LA ENTIENDAS","Teiyan Pettinger","$28.500,00","https://www.yenny-elateneo.com/productos/la-economia-explicada-para-que-al-fin-la-entiendas/"
"UNA HISTORIA DE COMO NOS ENDEUDAMOS","Ariel Wilkis","$24.190,00","https://www.yenny-elateneo.com/productos/una-historia-de-como-nos-endeudamos/"
"ADMINISTRACION ESTRATEGICA EN TURISMO","Ugerman Editor","$47.300,00","https://www.yenny-elateneo.com/productos/administracion-estrategica-en-turismo/"
"LLEVATE BIEN CON TU BILLETERA","Tiffany Aliche","$26.500,00","https://www.yenny-elateneo.com/productos/llevate-bien-con-tu-billetera/"
"GUIA RAPIDA EL ARTE DE LA SEDUCCION - N.E.","Robert Greene","$27.700,00","https://www.yenny-elateneo.com/productos/guia-rapida-el-arte-de-la-seduccion-n-e/"
"FIN DEL TRABAJO EL?","Luis Guastini","$37.799,00","https://www.yenny-elateneo.com/productos/fin-del-trabajo-el/"
"EMPRESA PUBLICA Y ESTADO EMPRESARIO EN LA ARGENTINA (1810-2020)","Marcelo Rougier","$29.300,00","https://www.yenny-elateneo.com/productos/empresa-publica-y-estado-empresario-en-la-argentina-1810-2020/"
"ENCIENDE LA LLAMA","Pablo Aragone","$20.000,00","https://www.yenny-elateneo.com/productos/enciende-la-llama/"
"TU FUTURO TRABAJO","Borja Castelar","$19.900,00","https://www.yenny-elateneo.com/productos/tu-futuro-trabajo/"
"INFALIBLE. EL SISTEMA QUE NUNCA FALLA PARA ALCANZAR EL EXITO","Clement W. Stone","$26.900,00","https://www.yenny-elateneo.com/productos/infalible-el-sistema-que-nunca-falla-para-alcanzar-el-exito/"
"EL FUTURO DEL COMERCIO QUE SE VIENE","Damian Di Pace","$28.300,00","https://www.yenny-elateneo.com/productos/el-futuro-del-comercio-que-se-viene/"
"¡LO QUIERO!","Luke Burgis","$30.300,00","https://www.yenny-elateneo.com/productos/lo-quiero/"
"SU DERECHO A SER RICO","Napoleon Hill","$26.900,00","https://www.yenny-elateneo.com/productos/su-derecho-a-ser-rico/"
"GRAN LIBRO DE LA VENTA TELEFONICA","Cesar Piqueras","$54.500,00","https://www.yenny-elateneo.com/productos/gran-libro-de-la-venta-telefonica/"
"EMPRESAS DE FAMILIA. GUIA PRACTICA PARA TRANSFORMAR IDEAS EN RESULTADOS CONCRETOS Y DE EXITO","Hernan Medina","$8.000,00","https://www.yenny-elateneo.com/productos/empresas-de-familia-guia-practica-para-transformar-ideas-en-resultados-concretos-y-de-exito/"
"SEMIOCAPITALISMO","Antonio Caro","$32.780,00","https://www.yenny-elateneo.com/productos/semiocapitalismo/"
"GPS EMPRENDEDOR","Joy Klinko / Luciana Goldstein","$28.000,00","https://www.yenny-elateneo.com/productos/gps-emprendedor/"
"12 PASOS PARA DELEGAR EFECTIVAMENTE","Martha Alles","$32.600,00","https://www.yenny-elateneo.com/productos/12-pasos-para-delegar-efectivamente/"
"Y POR QUE NOT","Daniel Fajardo","$30.900,00","https://www.yenny-elateneo.com/productos/y-por-que-not/"
"UN MUNDO SIN E-MAIL","Carl Newport","$30.590,00","https://www.yenny-elateneo.com/productos/un-mundo-sin-e-mail/"
"DEL QUERER AL HACER","Jeremy Kraayenbrink","$21.100,00","https://www.yenny-elateneo.com/productos/del-querer-al-hacer/"
"MANIFIESTO CAPITALISTA","Robert T. Kiyosaki","$43.199,00","https://www.yenny-elateneo.com/productos/manifiesto-capitalista/"
"EL FIN DE LA INFLACION","Javier Milei","$31.900,00","https://www.yenny-elateneo.com/productos/el-fin-de-la-inflacion/"
"LIDERAR DESDE LO FEMENINO","Tatiana Camps","$22.000,00","https://www.yenny-elateneo.com/productos/liderar-desde-lo-femenino/"
"CAPITALISMO CANIBAL","Nancy Fraser","$28.590,00","https://www.yenny-elateneo.com/productos/capitalismo-canibal/"
"DINAMITA MENTAL","Napoleon Hill","$26.500,00","https://www.yenny-elateneo.com/productos/dinamita-mental/"
"CRISIS ECONOMICAS ARGENTINAS . DE MITRE A MACRI","Julian Zicari","$35.990,00","https://www.yenny-elateneo.com/productos/crisis-economicas-argentinas-de-mitre-a-macri/"
"TOYOTA KATA GUIA PRACTICA","Mike Rother","$58.900,00","https://www.yenny-elateneo.com/productos/toyota-kata-guia-practica/"
"CONVERSACIONES TRASCENDENTALES SOBRE ECONOMIA","Juan Carlos De Pablo","$24.360,00","https://www.yenny-elateneo.com/productos/conversaciones-trascendentales-sobre-economia/"
"LA ESCUELA DE NEGOCIOS","Robert T. Kiyosaki","$20.699,00","https://www.yenny-elateneo.com/productos/la-escuela-de-negocios/"
"AHORA TE PUEDES MARCHAR... O NO","Leo Piccioli","$17.300,00","https://www.yenny-elateneo.com/productos/ahora-te-puedes-marchar-o-no/"
"EL SENDERO A LAS RIQUEZAS EN PIENSE Y HAGASE RICO","Napoleon Hill","$24.900,00","https://www.yenny-elateneo.com/productos/el-sendero-a-las-riquezas-en-piense-y-hagase-rico/"
"TOYOTA KATA","Mike Rother","$70.300,00","https://www.yenny-elateneo.com/productos/toyota-kata/"
"METAFORAS DEL DESEMPEÑO","Luis Maria Cravino","$26.990,00","https://www.yenny-elateneo.com/productos/metaforas-del-desempeno/"
"LIBERTAD LIBERTAD LIBERTAD","Javier Milei / Diego Giacomini","$39.900,00","https://www.yenny-elateneo.com/productos/libertad-libertad-libertad/"
"EL JUEGO DEL DINERO","Robert T. Kiyosaki","$26.999,00","https://www.yenny-elateneo.com/productos/el-juego-del-dinero/"
"CRIPTOMONEDAS","Gonzalo Roberto Arzuaga","$26.999,00","https://www.yenny-elateneo.com/productos/criptomonedas/"
"SIMEONE PARTIDO A PARTIDO","Diego Simeone","$35.900,00","https://www.yenny-elateneo.com/productos/simeone-partido-a-partido/"
"INNOVACION Y EMPRESA","Guillermo Guajardo","$24.360,00","https://www.yenny-elateneo.com/productos/innovacion-y-empresa/"
"NEURO PACK VOL 1","Nestor Bruno Braidot","$78.500,00","https://www.yenny-elateneo.com/productos/neuro-pack-vol-1/"
"NEUROMANAGEMENT NUEVA EDICION","Nestor Bruno Braidot","$58.800,00","https://www.yenny-elateneo.com/productos/neuromanagement-nueva-edicion/"
"LA TEORIA DE JUEGOS: UNA BREVE INTRODUCCION","Ken Binmore","$23.423,20","https://www.yenny-elateneo.com/productos/la-teoria-de-juegos-una-breve-introduccion/"
"ECONOMIA 3D","Martin Lousteau","$26.999,00","https://www.yenny-elateneo.com/productos/economia-3d/"
"DILEMAS","Fabiana Gadow","$43.500,00","https://www.yenny-elateneo.com/productos/dilemas/"
"EL CAPITAL VOL. 3","Karl Marx","$24.790,00","https://www.yenny-elateneo.com/productos/el-capital-vol-3/"
"EL SALTO DEL DUEÑO","Paula Molinari","$38.990,00","https://www.yenny-elateneo.com/productos/el-salto-del-dueno/"
"EL ABC DEL LIDERAZGO","John C. Maxwell","$23.000,00","https://www.yenny-elateneo.com/productos/el-abc-del-liderazgo/"
"EL ABC DEL EXITO","John C. Maxwell","$23.000,00","https://www.yenny-elateneo.com/productos/el-abc-del-exito/"
"DOMINA EL ARTE DE LOS NEGOCIOS","Brian Tracy","$29.999,00","https://www.yenny-elateneo.com/productos/domina-el-arte-de-los-negocios/"
"ECONOMIA HUMANA . INTUICION LIDERAZGO Y PROSPERIDAD","Ferran Caudet","$40.920,00","https://www.yenny-elateneo.com/productos/economia-humana-intuicion-liderazgo-y-prosperidad/"
"EL EFECTO STICK","Josep Valls Gimenez","$53.300,00","https://www.yenny-elateneo.com/productos/el-efecto-stick/"
"TIPS PARA MAMA","Harvard Business Review Press","$40.500,00","https://www.yenny-elateneo.com/productos/tips-para-mama/"
"TIPS PARA PAPA","Harvard Business Review Press","$42.600,00","https://www.yenny-elateneo.com/productos/tips-para-papa/"
"DESARROLLO DEL TALENTO EN LA PRACTICA","Martha Alles","$50.200,00","https://www.yenny-elateneo.com/productos/desarrollo-del-talento-en-la-practica/"
"TODOS SOBRE LOS NFT","Roberto Garavaglia","$40.600,00","https://www.yenny-elateneo.com/productos/todos-sobre-los-nft/"
"ELEMENTOS DE INVERSION","Burton G. Malkiel / Charles D. Ellis","$42.600,00","https://www.yenny-elateneo.com/productos/elementos-de-inversion/"
"MARKETING EN REDES SOCIALES EL : UN ENFOQUE PRACTICO","Phillip Kotler","$51.300,00","https://www.yenny-elateneo.com/productos/marketing-en-redes-sociales-el-un-enfoque-practico/"
"EL INVERSOR CONDUCTUAL","Daniel Crosby","$53.400,00","https://www.yenny-elateneo.com/productos/el-inversor-conductual/"
"INVERSION EN BOLSA PARA DUMMIES","Ismael De La Cruz","$42.600,00","https://www.yenny-elateneo.com/productos/inversion-en-bolsa-para-dummies/"
"AQUI ESTA LA ESTRATEGIA","Seth Godin","$42.600,00","https://www.yenny-elateneo.com/productos/aqui-esta-la-estrategia/"
"GESTION ESTRATEGICA PARA INSTITUCIONES EDUCATIVAS","Juan Manuel Manes","$25.200,00","https://www.yenny-elateneo.com/productos/gestion-estrategica-para-instituciones-educativas/"
"ESTAS A CARGO","Susan Arevalo","$25.000,00","https://www.yenny-elateneo.com/productos/estas-a-cargo/"
"PENSA COMO EMPRESARIO","Paula Monte","$35.000,00","https://www.yenny-elateneo.com/productos/pensa-como-empresario/"
"LIBRO PARA EMPRENDEDORES","Luis Ramos","$40.000,00","https://www.yenny-elateneo.com/productos/libro-para-emprendedores/"
"FILOSOFIA NOT WORK","Pasty Lauria","$40.000,00","https://www.yenny-elateneo.com/productos/filosofia-not-work/"
"VENDER ES FACIL: COMO ME CONVERTI EN VENDEDOR SERIAL","Leo Migdal","$35.000,00","https://www.yenny-elateneo.com/productos/vender-es-facil-como-me-converti-en-vendedor-serial/"
"EL GRAN CAMBIO","Guillermo Laura","$35.000,00","https://www.yenny-elateneo.com/productos/el-gran-cambio/"
"GESTIONANDO (SIN) PROBLEMAS","Nestor Gavilan Ferrer","$53.400,00","https://www.yenny-elateneo.com/productos/gestionando-sin-problemas/"
"GENERANDO SINERGIAS","Mark Sirower","$72.800,00","https://www.yenny-elateneo.com/productos/generando-sinergias/"
"ORGANIZACIONES HUMANAS","Alicia Medina / Rolf Medina","$41.500,00","https://www.yenny-elateneo.com/productos/organizaciones-humanas/"
"CURSO DE ECONOMIA","Rudolf Steiner","$33.200,00","https://www.yenny-elateneo.com/productos/curso-de-economia/"
"EMPRESA COMO PERSONA","Claudio Gallico","$24.000,00","https://www.yenny-elateneo.com/productos/empresa-como-persona/"
"CLAVES PARA EL DESARROLLO DE AMERICA LAT","Christian Gonzalo Asinelli","$35.699,00","https://www.yenny-elateneo.com/productos/claves-para-el-desarrollo-de-america-lat/"
"INTELIGENCIA SENTI-MENTAL","Mati Moretti","$31.990,00","https://www.yenny-elateneo.com/productos/inteligencia-senti-mental/"
"REDACTAR MEJOR - SOFT SKILLS","Heather Pierce","$22.200,00","https://www.yenny-elateneo.com/productos/redactar-mejor-soft-skills/"
"AUMENTAR LAS VENTAS SK","Marcos Alvarez","$22.200,00","https://www.yenny-elateneo.com/productos/aumentar-las-ventas-sk/"
"SOBRE LIDERAZGO","Tony Blair","$42.600,00","https://www.yenny-elateneo.com/productos/sobre-liderazgo/"
"MANAGEMENT DEL SENTIDO COMUN","Xavier Marcet","$31.800,00","https://www.yenny-elateneo.com/productos/management-del-sentido-comun/"
"VENDER IMPORTANDO","Dany Caceres","$23.900,00","https://www.yenny-elateneo.com/productos/vender-importando/"
"REVOLUCION SENIOR","Sebastian Campanario","$28.999,00","https://www.yenny-elateneo.com/productos/revolucion-senior/"
"ODISEA PYME","Francisco Rimmele","$24.990,00","https://www.yenny-elateneo.com/productos/odisea-pyme/"
"MANIFIESTO CAPITALISTA","Robert T. Kiyosaki","$30.899,00","https://www.yenny-elateneo.com/productos/manifiesto-capitalista1/"
"PATRIMONIO Y FAMILIA","Rodrigo Rincon","$48.800,00","https://www.yenny-elateneo.com/productos/patrimonio-y-familia/"
"CAMBIA EL CHIP","Paco Soler","$38.300,00","https://www.yenny-elateneo.com/productos/cambia-el-chip/"
"GEORGE SOROS","Peter L.w. Osnos","$52.400,00","https://www.yenny-elateneo.com/productos/george-soros/"
"MARCELO DIAMAND. DOCTRINAS ECONÓMICAS DESARROLLO E INDEPENDENCIA","Marcelo Diamand","$75.000,00","https://www.yenny-elateneo.com/productos/marcelo-diamand-doctrinas-economicas-desarrollo-e-independencia/"
"WELLNESS FINANCIERO","Jordi Martinez Llorente / Vicenc Yll Escot","$36.200,00","https://www.yenny-elateneo.com/productos/wellness-financiero/"
"LA PARADOJA DEL RENDIMIENTO","Eduardo Briceno","$34.500,00","https://www.yenny-elateneo.com/productos/la-paradoja-del-rendimiento/"
"THE 33 STRATEGIES OF WAR","Robert Greene","$54.188,00","https://www.yenny-elateneo.com/productos/the-33-strategies-of-war/"
"THE RICHEST MAN IN BABYLON","George S. Clason","$22.724,00","https://www.yenny-elateneo.com/productos/the-richest-man-in-babylon1/"
"LAS LEYES DE LA COMPETICION","Bruce Greenwald / Judd Kahn","$36.000,00","https://www.yenny-elateneo.com/productos/las-leyes-de-la-competicion/"
"ESCALAR","Sam Chand","$24.700,00","https://www.yenny-elateneo.com/productos/escalar/"
"STRETCH","Scott Sonenshein","$20.346,72","https://www.yenny-elateneo.com/productos/stretch/"
"COLISION INMINENTE","Hans Greimel","$20.346,72","https://www.yenny-elateneo.com/productos/colision-inminente/"
"FUNDAMENTOS DE ECONOMIA 4 ED.","Paul R. Krugman","$55.131,92","https://www.yenny-elateneo.com/productos/fundamentos-de-economia-4-ed/"
"PIENSA ESTRATEGICAMENTE","Harvard Business Review","$22.164,64","https://www.yenny-elateneo.com/productos/piensa-estrategicamente/"
"ESENCIA DEL LIDERAZGO LA SEGUNDA EDICION","Hugo Landolfi","$25.000,00","https://www.yenny-elateneo.com/productos/esencia-del-liderazgo-la-segunda-edicion/"
"9 SECRETOS DE LA GENTE EXITOSA","Harvard Business Review","$10.662,80","https://www.yenny-elateneo.com/productos/9-secretos-de-la-gente-exitosa/"
"DOCE Y MEDIO","Gary Vaynerchuk","$15.487,28","https://www.yenny-elateneo.com/productos/doce-y-medio/"
"LOGRA UN ASCENSO. SERIE BUSINESS EXPERTS","Niamh O'keeffe","$10.662,80","https://www.yenny-elateneo.com/productos/logra-un-ascenso-serie-business-experts/"
"MANAGEMENT TIPS 2. SERIE MANAGEMENT EN 20 MINUTOS","Harvard Business Review","$15.487,28","https://www.yenny-elateneo.com/productos/management-tips-2-serie-management-en-20-minutos/"
"EQUIPOS INNOVADORES. SERIE MANAGEMENT EN 20 MINUTOS","Harvard Business Review","$10.662,80","https://www.yenny-elateneo.com/productos/equipos-innovadores-serie-management-en-20-minutos/"
"UN PAVO REAL EN EL REINO DE LOS PINGUINOS","B. J. Gallagher","$10.662,80","https://www.yenny-elateneo.com/productos/un-pavo-real-en-el-reino-de-los-pinguinos/"
"DESPIDE A TU JEFE","Juan Antonio Guerrero Canongo","$15.406,60","https://www.yenny-elateneo.com/productos/despide-a-tu-jefe/"
"CONVENCER Y PERSUADIR. SOFT SKILLS","Marcos Alvarez","$21.300,00","https://www.yenny-elateneo.com/productos/convencer-y-persuadir-soft-skills/"
"APRENDER COACHING. SOFT SKILLS","Cesar Piqueras","$21.300,00","https://www.yenny-elateneo.com/productos/aprender-coaching-soft-skills/"
"ACTUA COMO UN LIDER PIENSA COMO UN LIDER","Herminia Ibarra","$52.400,00","https://www.yenny-elateneo.com/productos/actua-como-un-lider-piensa-como-un-lider/"
"EMPRESAS Y TRIBULACIONES DE MAQROLL","Rm","$27.356,20","https://www.yenny-elateneo.com/productos/empresas-y-tribulaciones-de-maqroll/"
"COACHING CON PNL","Joseph O'connor / Andrea Lages","$25.500,00","https://www.yenny-elateneo.com/productos/coaching-con-pnl/"
"INTELIGENCIA EMOCIONAL","Harvard Business Review","$20.976,00","https://www.yenny-elateneo.com/productos/inteligencia-emocional1/"
"7 MOMENTOS DEL COACHING - CONVERSACIONES PARA UN VIAJE INTERIOR","Reverte","$27.968,00","https://www.yenny-elateneo.com/productos/7-momentos-del-coaching-conversaciones-para-un-viaje-interior/"
"CREATIVIDAD","Manel Rajadell","$28.842,00","https://www.yenny-elateneo.com/productos/creatividad2/"
"MAQUINAS PREDICTIVAS","Ajay Agrawal / Joshua Gans / Avi Goldfarb","$22.724,00","https://www.yenny-elateneo.com/productos/maquinas-predictivas/"
"MEJORA TU PRODUCTIVIDAD","Varios Autores","$20.976,00","https://www.yenny-elateneo.com/productos/mejora-tu-productividad/"
"MACROECONOMIA INTERNACIONAL","Robert C. Feenstra / Alan M. Taylor","$63.802,00","https://www.yenny-elateneo.com/productos/macroeconomia-internacional/"
"MACROECONOMIA","Paul R. Krugman / Robin Wells","$75.164,00","https://www.yenny-elateneo.com/productos/macroeconomia/"
"MICROECONOMIA","Austan Goolsbee / Steven D. Levitt / Chad Syverson","$92.644,00","https://www.yenny-elateneo.com/productos/microeconomia/"
"EL CATALIZADOR","Reverte","$30.590,00","https://www.yenny-elateneo.com/productos/el-catalizador/"
"CONVERSACIONES","David Rubenstein","$30.590,00","https://www.yenny-elateneo.com/productos/conversaciones1/"
"EL LIDER","Jim Harter","$38.456,00","https://www.yenny-elateneo.com/productos/el-lider/"
"DOLARIZACIONES","Ariel Wilkis","$28.000,00","https://www.yenny-elateneo.com/productos/dolarizaciones/"
"LIDERAR CON HUMILDAD","Jeffrey Krames","$12.700,00","https://www.yenny-elateneo.com/productos/liderar-con-humildad/"
"GESTIONAR EL TIEMPO. SOFT SKILLS","Mark Mancini","$21.300,00","https://www.yenny-elateneo.com/productos/gestionar-el-tiempo-soft-skills/"
"VENDER. SOFT SKILLS","Linda Richardson","$21.300,00","https://www.yenny-elateneo.com/productos/vender-soft-skills/"
"MOTIVAR PERSONAS. SOFT SKILLS.","Anne Bruce","$21.300,00","https://www.yenny-elateneo.com/productos/motivar-personas-soft-skills/"
"HISTORIA ECONOMICA MUNDIAL: UNA BREVE INTRODUCCION","Robert C. Allen","$21.850,00","https://www.yenny-elateneo.com/productos/historia-economica-mundial-una-breve-introduccion/"
"VIVIR EN LA FRONTERA","Martin Shaw","$20.000,00","https://www.yenny-elateneo.com/productos/vivir-en-la-frontera/"
"MARKETING PRACTICO PARA PEQUEÑOS NEGOCIOS","Lucia Mediano Serrano / Xavier Zubizarreta","$43.612,60","https://www.yenny-elateneo.com/productos/marketing-practico-para-pequenos-negocios/"
"CAPITALISMO Y PERSONALIDAD","Luis Enrique Alonso / Carlos J. Fernandez Rodriguez","$27.900,00","https://www.yenny-elateneo.com/productos/capitalismo-y-personalidad/"
"EL GARAGE DE TUS SUEÑOS","Agustin Remondino","$27.900,00","https://www.yenny-elateneo.com/productos/el-garage-de-tus-suenos/"
"VOLVER A SER GRANDES","Federico Dominguez","$24.000,00","https://www.yenny-elateneo.com/productos/volver-a-ser-grandes/"
"LA CIENCIA DE HACERSE RICO","Wallace D. Wattles","$18.431,00","https://www.yenny-elateneo.com/productos/la-ciencia-de-hacerse-rico2/"
"KEYNES","Peter Temin / David Vines","$29.300,00","https://www.yenny-elateneo.com/productos/keynes1/"
"SEO TECNICO","Anaya","$43.612,60","https://www.yenny-elateneo.com/productos/seo-tecnico/"
"EL FINAL DE LAS CRISIS ECONOMICAS NACIONALES","Anaya","$33.526,64","https://www.yenny-elateneo.com/productos/el-final-de-las-crisis-economicas-nacionales/"
"CODESARROLLO","Martha Alicia Alles","$45.400,00","https://www.yenny-elateneo.com/productos/codesarrollo/"
"CONDUCIR AL CAPITAL . ESTADO O MERCADO UNA FALSA DICOTOMIA","Delfina Rossi","$25.990,00","https://www.yenny-elateneo.com/productos/conducir-al-capital-estado-o-mercado-una-falsa-dicotomia/"
"PARADOJA LA - ED. REVISADA","James C. Hunter","$21.800,00","https://www.yenny-elateneo.com/productos/paradoja-la-ed-revisada/"
"DE BUHOS Y LABERINTOS","Eduardo Delle Ville","$20.000,00","https://www.yenny-elateneo.com/productos/de-buhos-y-laberintos/"
"PROCESOS DEL SEGUNDO TIEMPO","Enrique Jaime Portnoy","$10.000,00","https://www.yenny-elateneo.com/productos/procesos-del-segundo-tiempo/"
"INNOVACION CONTINUA","Behnam N. Tabrizi","$58.900,00","https://www.yenny-elateneo.com/productos/innovacion-continua/"
"GREAT REVIVE THE","Juan Manuel Roca","$38.700,00","https://www.yenny-elateneo.com/productos/great-revive-the/"
"POSICIONAMIENTO Y REPUTACION ONLINE","Sico De Andres","$38.578,36","https://www.yenny-elateneo.com/productos/posicionamiento-y-reputacion-online/"
"CURSO DE MARKETING HOTELERO","Oliver Espinosa Sorensen","$40.256,44","https://www.yenny-elateneo.com/productos/curso-de-marketing-hotelero/"
"LOS SECRETOS DE LAS MARCAS","Fernando De Cordoba","$38.980,40","https://www.yenny-elateneo.com/productos/los-secretos-de-las-marcas/"
"GENEROS Y PULSIONES EN EL COMPORTAMIENTO ORGANIZACIONAL","Emmanuel Oliverio","$28.000,00","https://www.yenny-elateneo.com/productos/generos-y-pulsiones-en-el-comportamiento-organizacional/"
"VENDE COMO BEZOS","Carmine Gallo","$64.700,00","https://www.yenny-elateneo.com/productos/vende-como-bezos/"
"PRESENTA TUS IDEAS CON FORMA DE VIRUS","Enric Llado","$34.700,00","https://www.yenny-elateneo.com/productos/presenta-tus-ideas-con-forma-de-virus/"
"EL SISTEMA DE CREDITO SOCIAL CHINO","Avaro Dante","$22.600,00","https://www.yenny-elateneo.com/productos/el-sistema-de-credito-social-chino/"
"MANUAL DEL SUEÑO AMERICANO","Esteban Morano","$38.900,00","https://www.yenny-elateneo.com/productos/manual-del-sueno-americano/"
"LO QUE NO ME DIJERON DE EMPRENDER","Veronica Aviles","$26.300,00","https://www.yenny-elateneo.com/productos/lo-que-no-me-dijeron-de-emprender/"
"ALMA EMPRENDEDORA","Virginia Suarez Dratman","$24.500,00","https://www.yenny-elateneo.com/productos/alma-emprendedora/"
"SER EL PRIMERO","Alejandro Condomi Alcorta","$29.000,00","https://www.yenny-elateneo.com/productos/ser-el-primero/"
"EL ARTE DE SUBIR (Y BAJAR) LA MONTAÑA","Marcos Pena","$27.190,00","https://www.yenny-elateneo.com/productos/el-arte-de-subir-y-bajar-la-montana/"
"EMPRENDEDOR QUIEN LO LEA","Euge Oller","$15.990,00","https://www.yenny-elateneo.com/productos/emprendedor-quien-lo-lea/"
"MILLONES EN BIENES RAICES","Gaston Gregorio","$29.000,00","https://www.yenny-elateneo.com/productos/millones-en-bienes-raices/"
"TODO VALIO LA PENA","Maria Laura Tramezzani","$27.500,00","https://www.yenny-elateneo.com/productos/todo-valio-la-pena/"
"EL GRAN ENGAÑO","Mariana Mazzucato / Rosie Collington","$37.799,00","https://www.yenny-elateneo.com/productos/el-gran-engano/"
"METODO MAPA DE PRODUCTIVIDAD PERSONAL","Cesar Piqueras","$46.200,00","https://www.yenny-elateneo.com/productos/metodo-mapa-de-productividad-personal/"
"SOY MARCA","Luis Angel Diaz","$35.900,00","https://www.yenny-elateneo.com/productos/soy-marca/"
"GUIA ARGENTINA DE FRANQUICIAS 2024","Roberto Russo","$30.000,00","https://www.yenny-elateneo.com/productos/guia-argentina-de-franquicias-2024/"
"LA VENTA","Jon Gordon / Alex Demczak","$17.600,00","https://www.yenny-elateneo.com/productos/la-venta/"
"HUMAN RETAIL","Marcos Alvarez","$46.200,00","https://www.yenny-elateneo.com/productos/human-retail/"
"AUTOGESTION","Alejo Ecube","$46.200,00","https://www.yenny-elateneo.com/productos/autogestion/"
"EMPRESAS QUE CRECEN CON ALMA","Angel Bonet","$50.800,00","https://www.yenny-elateneo.com/productos/empresas-que-crecen-con-alma/"
"LOS 10 HABITOS CLAVE PARA GESTIONAR EMPRESAS Y NEGOCIOS COMPETITIVOS","Lluis Cuatrecasas","$58.900,00","https://www.yenny-elateneo.com/productos/los-10-habitos-clave-para-gestionar-empresas-y-negocios-competitivos/"
"MIAMI EN TUS MANOS","Eliana Silva","$7.000,00","https://www.yenny-elateneo.com/productos/miami-en-tus-manos/"
"ACTITUD Y ACCION","Juanita Acevedo Segura","$46.200,00","https://www.yenny-elateneo.com/productos/actitud-y-accion/"
"SAY THANK YOU","Jim Edwards","$46.200,00","https://www.yenny-elateneo.com/productos/say-thank-you/"
"CONECTA (GETTING ALONG)","Amy Gallo","$46.200,00","https://www.yenny-elateneo.com/productos/conecta-getting-along/"
"PRIMERO LOS EMPLEADOS LOS CLIENTES DESPUES","Vineet Nayar","$46.200,00","https://www.yenny-elateneo.com/productos/primero-los-empleados-los-clientes-despues/"
"LA HISTORIA DE TRECE","Maiti Luiggi Sarrias","$42.500,00","https://www.yenny-elateneo.com/productos/la-historia-de-trece/"
"COMO EMPEZAR","Michael Bungay Stanier","$25.900,00","https://www.yenny-elateneo.com/productos/como-empezar/"
"LA RESPONSABILIDAD SOCIAL EMPRESARIA EN EL CAPITALISMO TARDIO","Carlos Molinari","$17.700,00","https://www.yenny-elateneo.com/productos/la-responsabilidad-social-empresaria-en-el-capitalismo-tardio/"
"NET POSITIVE","Paul Polman / Andrew Winston","$63.700,00","https://www.yenny-elateneo.com/productos/net-positive/"
"MANUAL DE ORGANIZACION E INGENIERIA DE LA PRODUCCION Y GESTION DE OPERACIONES","Lluis Cuatrecasas","$181.000,00","https://www.yenny-elateneo.com/productos/manual-de-organizacion-e-ingenieria-de-la-produccion-y-gestion-de-operaciones/"
"CRECER HACIENDO CRECER. EMPRESAS CONSISTENTES","Xavier Marcet","$38.700,00","https://www.yenny-elateneo.com/productos/crecer-haciendo-crecer-empresas-consistentes/"
"MARKETING 4.0","Phillip Kotler","$34.900,00","https://www.yenny-elateneo.com/productos/marketing-4-0/"
"LA PUBLICIDAD","Gloria Jimenez-marin / Esther Simancas-gonzalez","$41.182,88","https://www.yenny-elateneo.com/productos/la-publicidad/"
"COMO DISFRUTAR EN EL TRABAJO","Reverte","$30.590,00","https://www.yenny-elateneo.com/productos/como-disfrutar-en-el-trabajo/"
"REVOLUCIONANDO EL TRABAJO","Aaron Dignan","$27.968,00","https://www.yenny-elateneo.com/productos/revolucionando-el-trabajo/"
"GESTIONA CON EXITO UN CAMBIO PROFESIONAL","Michael Watkins","$27.968,00","https://www.yenny-elateneo.com/productos/gestiona-con-exito-un-cambio-profesional/"
"7 MOMENTS OF COACHING THE","Reverte","$30.170,48","https://www.yenny-elateneo.com/productos/7-moments-of-coaching-the/"
"INTERNACIONALIZAR CON EXITO","Pere Ballart Hernandez","$55.400,00","https://www.yenny-elateneo.com/productos/internacionalizar-con-exito/"
"EMPRESA INVERTEBRADA","Ricardo Sanchez Butragueno","$34.700,00","https://www.yenny-elateneo.com/productos/empresa-invertebrada/"
"7 VENDEDORES DE EXITO¿ Y LOS 8 COMPRADORES EMPEÑADOS EN QUE FRACASEN LOS (ARG)","Jesus Gul Vilda","$21.400,00","https://www.yenny-elateneo.com/productos/7-vendedores-de-exito-y-los-8-compradores-empenados-en-que-fracasen-los-arg/"
"FACILITAR AVANCES CONJUNTOS (ARG)","Adam Kahane","$22.000,00","https://www.yenny-elateneo.com/productos/facilitar-avances-conjuntos-arg/"
"TRES FORMAS DE TOMAR UN HELADO","Enrique Espeche","$24.900,00","https://www.yenny-elateneo.com/productos/tres-formas-de-tomar-un-helado/"
"EL LIBRO DEL CAMBIO DE ENRIC","Enric Llado","$34.700,00","https://www.yenny-elateneo.com/productos/el-libro-del-cambio-de-enric/"
"EL SER Y EL HACER DEL COACH","Ana Luisa Escalante / Damian Goldvarg / Norma Perel","$33.600,00","https://www.yenny-elateneo.com/productos/el-ser-y-el-hacer-del-coach/"
"SHINE","Ana De Andres","$46.200,00","https://www.yenny-elateneo.com/productos/shine/"
"LO QUE SEA DE CADA QUIEN","Alvin Roth","$24.500,00","https://www.yenny-elateneo.com/productos/lo-que-sea-de-cada-quien/"
"ENSAYO SOBRE INCLUSION FINANCIERA","Biblioteca Nacional","$15.375,00","https://www.yenny-elateneo.com/productos/ensayo-sobre-inclusion-financiera/"
"CRECE Y HAZTE RICO","Romuald Fons","$36.900,00","https://www.yenny-elateneo.com/productos/crece-y-hazte-rico/"
"LA BOTELLA MEDIO LLENA","Oriol Amat","$39.700,00","https://www.yenny-elateneo.com/productos/la-botella-medio-llena/"
"FRICTIONLESS","Marc Cortes","$58.900,00","https://www.yenny-elateneo.com/productos/frictionless/"
"CIRCULANDO HACIA UNA NUEVA ECONOMIA","Jose Luis Gallego","$54.500,00","https://www.yenny-elateneo.com/productos/circulando-hacia-una-nueva-economia/"
"PODER CUANTICO PARA GANAR MAS EN LOS NEGOCIOS","Josep Alet","$54.500,00","https://www.yenny-elateneo.com/productos/poder-cuantico-para-ganar-mas-en-los-negocios/"
"LA PUBLICIDAD MODERNA","Fernando Roig","$26.000,00","https://www.yenny-elateneo.com/productos/la-publicidad-moderna/"
"METODO DE NEGOCIACION","Aurelien Colson / Alain Lempereur / Ricardo Perez Nuckel","$39.900,00","https://www.yenny-elateneo.com/productos/metodo-de-negociacion/"
"IMPACTO","Christen Brand","$46.200,00","https://www.yenny-elateneo.com/productos/impacto1/"
"COMO COMER CANGREJO Y NO MORIR EN EL INTENTO","Monica Alonso / Alfonso Cornella","$42.500,00","https://www.yenny-elateneo.com/productos/como-comer-cangrejo-y-no-morir-en-el-intento/"
"TELETRABAJO: VIVIR Y TRABAJAR MEJOR","Varios Autores","$36.900,00","https://www.yenny-elateneo.com/productos/teletrabajo-vivir-y-trabajar-mejor/"
"ESTO ES PERSONAL","Mori Taheripour","$24.400,00","https://www.yenny-elateneo.com/productos/esto-es-personal/"
"EL MERCADO DE LA SALVACION","Eugenio A. Marchiori","$39.600,00","https://www.yenny-elateneo.com/productos/el-mercado-de-la-salvacion/"
"EVALUACIONES MULTIPLES","Martha Alles","$42.900,00","https://www.yenny-elateneo.com/productos/evaluaciones-multiples/"
"RH POSITIVO","Varios Autores","$46.200,00","https://www.yenny-elateneo.com/productos/rh-positivo/"
"WISE WORKERS","Ramon Cabezas","$46.200,00","https://www.yenny-elateneo.com/productos/wise-workers/"
"HAZLO YA","Napoleon Hill","$23.900,00","https://www.yenny-elateneo.com/productos/hazlo-ya/"
"EMPRENDEDOR","Victor Hugo Manzanilla","$27.600,00","https://www.yenny-elateneo.com/productos/emprendedor/"
"EL VALER DE LOS VALORES","Horacio Bolanos","$28.990,00","https://www.yenny-elateneo.com/productos/el-valer-de-los-valores/"
"FINANCIANDO EL DESARROLLO","Christian G. Asinelli","$29.000,00","https://www.yenny-elateneo.com/productos/financiando-el-desarrollo/"
"DIGITALMENTE REBELDES. MINDSET DEL NUEVO EMPRENDEDOR","Mateo Bovio","$18.500,00","https://www.yenny-elateneo.com/productos/digitalmente-rebeldes-mindset-del-nuevo-emprendedor/"
"MAR DEL PLATA: EL MERCADO INMOBILIARIO DEL OCIO","Victor Pegoraro","$25.850,00","https://www.yenny-elateneo.com/productos/mar-del-plata-el-mercado-inmobiliario-del-ocio/"
"CRISIS & CO.","Ezequiel Kieczkier / Gabriel Weinstein","$31.990,00","https://www.yenny-elateneo.com/productos/crisis-co/"
"CORONADOS DE GLORIA YPF/AF LIBRERIAS","Ypf","$57.900,00","https://www.yenny-elateneo.com/productos/coronados-de-gloria-ypf-af-librerias/"
"EL MANUSCRITO ORIGINAL","Napoleon Hill","$49.900,00","https://www.yenny-elateneo.com/productos/el-manuscrito-original/"
"CAPITALISMO O SOCIALISMO","Feijoo Valenzuela","$30.000,00","https://www.yenny-elateneo.com/productos/capitalismo-o-socialismo/"
"12 PASOS PARA SER UN BUEN JEFE","Martha Alles","$28.700,00","https://www.yenny-elateneo.com/productos/12-pasos-para-ser-un-buen-jefe/"
"DEREK SIVERS: OBRAS COMPLETAS (O CASI)","Derek Sivers","$31.000,00","https://www.yenny-elateneo.com/productos/derek-sivers-obras-completas-o-casi/"
"GUIA RAPIDA DE LAS 48 LEYES DE PODER - N. ED.","Robert Greene","$27.700,00","https://www.yenny-elateneo.com/productos/guia-rapida-de-las-48-leyes-de-poder-n-ed/"
"EL DISEÑO EDUCATIVO","Santiago Lazzati","$25.200,00","https://www.yenny-elateneo.com/productos/el-diseno-educativo/"
"COMO ORGANIZARTE EN UN MUNDO VERTIGINOSO","Julio C. Perez","$25.900,00","https://www.yenny-elateneo.com/productos/como-organizarte-en-un-mundo-vertiginoso/"
"MANUAL PARA IRREVERENTES","Juan Diego Gomez Gomez","$28.900,00","https://www.yenny-elateneo.com/productos/manual-para-irreverentes/"
"ODISEA 2050","Jaime Requeijo","$33.614,04","https://www.yenny-elateneo.com/productos/odisea-2050/"
"EL PODER DE UNA VEZ MAS","Ed Mylett","$21.400,00","https://www.yenny-elateneo.com/productos/el-poder-de-una-vez-mas/"
"LAS 11 LLAVES","N.c. Kurt","$25.900,00","https://www.yenny-elateneo.com/productos/las-11-llaves/"
"SECRETOS DE LA RESILIENCIA","Javier De Pablo Simon Dolan","$58.900,00","https://www.yenny-elateneo.com/productos/secretos-de-la-resiliencia/"
"RRETOS HHUMANOS","Esteban Negroni","$20.800,00","https://www.yenny-elateneo.com/productos/rretos-hhumanos/"
"CO-CREATION SPACE","Jan Vos","$18.500,00","https://www.yenny-elateneo.com/productos/co-creation-space/"
"HABLEMOS DE EMPLOYEEE ADVOCACY EN LINKEDIN","Ariel M. Benedetti","$33.990,00","https://www.yenny-elateneo.com/productos/hablemos-de-employeee-advocacy-en-linkedin/"
"CONSTRUYE TU ELEVATOR PITCH","Cesar Piqueras","$42.500,00","https://www.yenny-elateneo.com/productos/construye-tu-elevator-pitch/"
"8 PASOS PARA INCREMENTAR TUS VENTAS","Mestas","$8.292,38","https://www.yenny-elateneo.com/productos/8-pasos-para-incrementar-tus-ventas/"
"PODER EMPRENDEDOR","Daniel Adler","$23.900,00","https://www.yenny-elateneo.com/productos/poder-emprendedor/"
"MANAGGEMENT TIPS","Reverte","$22.724,00","https://www.yenny-elateneo.com/productos/managgement-tips/"
"COMO LIDERAR REUNIONES VIRTUALES","Reverte","$15.732,00","https://www.yenny-elateneo.com/productos/como-liderar-reuniones-virtuales/"
"COMO DIRIGIR EQUIPOS VIRTUALES","Reverte","$15.732,00","https://www.yenny-elateneo.com/productos/como-dirigir-equipos-virtuales/"
"IE VIRTUAL - SERIE INTELIGENCIA EMOCIONAL HBR","Reverte","$15.732,00","https://www.yenny-elateneo.com/productos/ie-virtual-serie-inteligencia-emocional-hbr/"
"EVANGELIO DE LA RIQUEZA","Andrew Carnegie","$18.431,00","https://www.yenny-elateneo.com/productos/evangelio-de-la-riqueza/"
"NO SON CUENTOS CHINOS","Angel Garcia Crespo","$21.800,00","https://www.yenny-elateneo.com/productos/no-son-cuentos-chinos/"
"CHAMP","Diego Cuellar","$15.300,00","https://www.yenny-elateneo.com/productos/champ/"
"¿POR QUE NO ASCIENDEN LAS MUJERES?","Marshall - Helgesen","$19.700,00","https://www.yenny-elateneo.com/productos/por-que-no-ascienden-las-mujeres/"
"FILANTROINVERSION INMOBILIARA","Ivan Anz","$11.900,00","https://www.yenny-elateneo.com/productos/filantroinversion-inmobiliara/"
"CODIGO FUTURO","Martin Martorell","$32.600,00","https://www.yenny-elateneo.com/productos/codigo-futuro/"
"EL PENSAMIENTO CRITICO","Santiago Lazzati","$28.700,00","https://www.yenny-elateneo.com/productos/el-pensamiento-critico/"
"LAS REGLAS DE LA CONFIANZA","Bob Lee / Emilia Montero / Luis Riva","$25.990,00","https://www.yenny-elateneo.com/productos/las-reglas-de-la-confianza/"
"ARGENTINA PRIMERO","Martin Redrado","$35.699,00","https://www.yenny-elateneo.com/productos/argentina-primero/"
"EMPRESARIOS Y ESTADO EN ARGENTINA","Claudio Belini","$31.200,00","https://www.yenny-elateneo.com/productos/empresarios-y-estado-en-argentina/"
"MISION BLABLACAR","Benoit Reillier","$29.400,00","https://www.yenny-elateneo.com/productos/mision-blablacar/"
"ANGELES Y DEMONIOS DE LA FAMILIA EMPRESARIA","Jordi Tarragona Coromina","$40.600,00","https://www.yenny-elateneo.com/productos/angeles-y-demonios-de-la-familia-empresaria/"
"SELF-MANAGEMENT","Leonardo Ravier","$43.900,00","https://www.yenny-elateneo.com/productos/self-management/"
"VENTA POSITIVA","Nuria Martin","$54.500,00","https://www.yenny-elateneo.com/productos/venta-positiva/"
"JUNTOS","Cesar Piqueras","$42.500,00","https://www.yenny-elateneo.com/productos/juntos/"
"EL BENEFICIO","Georges Escribano / Alex Rovira","$32.800,00","https://www.yenny-elateneo.com/productos/el-beneficio/"
"CAJA DE HERRAMIENTAS PARA REPARAR LA ARGENTINA","Oscar Binello","$4.900,00","https://www.yenny-elateneo.com/productos/caja-de-herramientas-para-reparar-la-argentina/"
"TU PROPIO EQUIPO CREATIVO","Dorling Kindersley","$4.195,20","https://www.yenny-elateneo.com/productos/tu-propio-equipo-creativo/"
"DOMINAR EL ARTE DEL FEEDBACK","Dorling Kindersley","$4.195,20","https://www.yenny-elateneo.com/productos/dominar-el-arte-del-feedback/"
"GANARSE AL JEFE O EL ARTE DE PROMOCIONARSE","Dorling Kindersley","$4.195,20","https://www.yenny-elateneo.com/productos/ganarse-al-jefe-o-el-arte-de-promocionarse/"
"EL CAMINO","Tony J. Robbins","$36.900,00","https://www.yenny-elateneo.com/productos/el-camino/"
"OTRO CAPITALISMO TIENE QUE SER POSIBLE","Mariana Mazzucato / Michael Jacobs","$29.990,00","https://www.yenny-elateneo.com/productos/otro-capitalismo-tiene-que-ser-posible/"
"IMPULSO MILLONARIO","Gerardo Garcia Manjarrez","$20.500,00","https://www.yenny-elateneo.com/productos/impulso-millonario/"
"ERRANDO EL TIRO","Eric Barker","$25.400,00","https://www.yenny-elateneo.com/productos/errando-el-tiro/"
"SOSTENIBILIDAD CON PROPOSITO","Ana Palencia","$42.500,00","https://www.yenny-elateneo.com/productos/sostenibilidad-con-proposito/"
"MOCHILA ARGENTINA","Teddy Karagozian","$18.990,00","https://www.yenny-elateneo.com/productos/mochila-argentina/"
"COMUSICACION","Adolfo Corujo","$44.800,00","https://www.yenny-elateneo.com/productos/comusicacion/"
"CAMBIANDO EL COMPORTAMIENTO DE LOS EMPLEADOS","Nik Kinley / Shlomo Ben-hur","$26.220,00","https://www.yenny-elateneo.com/productos/cambiando-el-comportamiento-de-los-empleados/"
"UNA VIDA QUE VALGA LA PENA","Marshall Goldsmith / Mark Reiter","$29.400,00","https://www.yenny-elateneo.com/productos/una-vida-que-valga-la-pena/"
"EL VIAJE","Josep Maria Gascon","$23.000,00","https://www.yenny-elateneo.com/productos/viaje-el1/"
"REVOLUCION IMPOSITIVA","Teddy Karagozian","$21.890,00","https://www.yenny-elateneo.com/productos/revolucion-impositiva/"
"COMO SALIR DE LA CRISIS","Carlos; Sternberg Sofia Et Al Bianco","$15.190,00","https://www.yenny-elateneo.com/productos/como-salir-de-la-crisis/"
"CAPITAL SALARIO Y CRISIS","Siglo Xxi Editores Mexico","$34.490,00","https://www.yenny-elateneo.com/productos/capital-salario-y-crisis/"
"MEGACAPITALISTAS","Peter Phillips","$37.799,00","https://www.yenny-elateneo.com/productos/megacapitalistas/"
"REPLAY","Ernesto Sandler","$1.200,00","https://www.yenny-elateneo.com/productos/replay/"
"IDEA","Alejandro Masco","$24.990,00","https://www.yenny-elateneo.com/productos/idea/"
"INNOVAR CON VALOR","German Stalker","$32.990,00","https://www.yenny-elateneo.com/productos/innovar-con-valor/"
"TRANSFORMANDO LA CADENA DE SUMINISTRO","John T. Mentzer / J. Paul Dittmann / Reuben E. Slone","$57.400,00","https://www.yenny-elateneo.com/productos/transformando-la-cadena-de-suministro/"
"ECONOMIA DEL MUNDO REAL","Joaquim Verges Jaime","$32.775,00","https://www.yenny-elateneo.com/productos/economia-del-mundo-real/"
"EL TAO DE LOS LIDERES","John Heider","$27.500,00","https://www.yenny-elateneo.com/productos/el-tao-de-los-lideres/"
"LA CAUSA DE LA POBREZA","Ricardo Carlos Sarmiento","$17.000,00","https://www.yenny-elateneo.com/productos/la-causa-de-la-pobreza/"
"HISTORIA NECESARIA DEL BANCO CENTRAL DE LA REPUBLICA ARGENTINA","Florencia Sember / Marcelo Rougier","$33.060,00","https://www.yenny-elateneo.com/productos/historia-necesaria-del-banco-central-de-la-republica-argentina/"
"EMPRESAS RECUPERADAS DE ARGENTINA","Gisela Bustos","$26.800,00","https://www.yenny-elateneo.com/productos/empresas-recuperadas-de-argentina/"
"MASTER EN FINANZAS","Xavier Puig Pla Oriol Amat","$58.900,00","https://www.yenny-elateneo.com/productos/master-en-finanzas/"
"EXCLUSION O RECONOCIMIENTO?","Roberto D Roitman","$15.000,00","https://www.yenny-elateneo.com/productos/exclusion-o-reconocimiento/"
"EL GENIO QUE LLEVAMOS DENTRO","Federico Fros Campelo","$38.299,00","https://www.yenny-elateneo.com/productos/el-genio-que-llevamos-dentro/"
"CINCUENTA INNOVACIONES QUE HAN CAMBIADO","Tim Harford","$38.299,00","https://www.yenny-elateneo.com/productos/cincuenta-innovaciones-que-han-cambiado/"
"BIG DATA COMO ACTIVO DE NEGOCIO","Gemma Munoz / Eduardo Sanchez","$35.204,72","https://www.yenny-elateneo.com/productos/big-data-como-activo-de-negocio/"
"MENOS RESPETO QUE SOY TU JEFE","Veronica Carabajal / Melina Cao / Carolina Levin","$16.400,00","https://www.yenny-elateneo.com/productos/menos-respeto-que-soy-tu-jefe/"
"DIRECCION ESTRATEGICA DE RECURSOS HUMANOS","Natalia Garcia Carbonell / Fernando Martin Alcazar / Gonzalo Sanchez Gardey","$45.290,68","https://www.yenny-elateneo.com/productos/direccion-estrategica-de-recursos-humanos/"
"MANUAL PRACTICO DE NEUROVENTAS","Pablo Augusto Braidot Annecchi","$29.200,00","https://www.yenny-elateneo.com/productos/manual-practico-de-neuroventas/"
"SUPERVISION DE COACHING","Damian Goldvarg","$38.700,00","https://www.yenny-elateneo.com/productos/supervision-de-coaching/"
"PUNTO DE PARTIDA","Fernando D. Massau Chorne","$23.990,00","https://www.yenny-elateneo.com/productos/punto-de-partida/"
"NUEVAS CONVERSACIONES TRASCENDENTALES SOBRE ECONOMIA","Juan Carlos De Pablo","$24.360,00","https://www.yenny-elateneo.com/productos/nuevas-conversaciones-trascendentales-sobre-economia/"
"DE LA BUROCRACIA A LA ORGANIZACION RED","Jorge Walter / Zulema Bez","$26.910,00","https://www.yenny-elateneo.com/productos/de-la-burocracia-a-la-organizacion-red/"
"TU TALENTO ES TU NEGOCIO","Torie Jayne","$19.190,00","https://www.yenny-elateneo.com/productos/tu-talento-es-tu-negocio/"
"MARKETING TURISTICO","Manuel Rey Moreno","$43.700,00","https://www.yenny-elateneo.com/productos/marketing-turistico/"
"CAPITALISMO","Jorge Aleman","$27.600,00","https://www.yenny-elateneo.com/productos/capitalismo/"
"ELIJA AL MEJOR (NUEVA EDICION)","Martha Alles","$52.300,00","https://www.yenny-elateneo.com/productos/elija-al-mejor-nueva-edicion/"
"COBRO DE IMPAGADOS Y NEGOCIACION CON DEUDORES","Pere Brachfield","$46.200,00","https://www.yenny-elateneo.com/productos/cobro-de-impagados-y-negociacion-con-deudores/"
"LOS ESTILOS GUERREROS","Laura Fierro Evans","$35.300,00","https://www.yenny-elateneo.com/productos/los-estilos-guerreros/"
"LIDER COACH","Oscar Anzorena","$34.900,00","https://www.yenny-elateneo.com/productos/lider-coach/"
"DISEÑO ESTRATEGICO","Andre R. Coutinho / Anderson C. S. Penha","$27.990,00","https://www.yenny-elateneo.com/productos/diseno-estrategico/"
"VENDER PODEROSAMENTE","Marcos Alvarez","$29.600,00","https://www.yenny-elateneo.com/productos/vender-poderosamente/"
"EL MUNDO ES TU PUBLICO","Daniel Colombo","$20.000,00","https://www.yenny-elateneo.com/productos/el-mundo-es-tu-publico/"
"MARATHONOMICS","Carmen Lopez Imizcoz","$16.200,00","https://www.yenny-elateneo.com/productos/marathonomics/"
"INTRODUCCION AL CRECIMIENTO ECONOMICO Y DESARROLLO","Gregorio Gimenez Esteban","$42.021,92","https://www.yenny-elateneo.com/productos/introduccion-al-crecimiento-economico-y-desarrollo/"
"DIRECCION ESTRATEGICA INTERNACIONAL","Jose Antonio Jimenez Quintero / Ignacio Aldeanueva Fernandez","$55.464,04","https://www.yenny-elateneo.com/productos/direccion-estrategica-internacional/"
"DIPLOMACIA EN LA EMPRESA","Eduardo Jara Roncati","$41.934,52","https://www.yenny-elateneo.com/productos/diplomacia-en-la-empresa/"
"ECONOMIA DE LAS CIUDADES DE AMERICA LATINA HOY - VOL 1","Jose Luis Coraggio / Ruth Munoz","$25.000,00","https://www.yenny-elateneo.com/productos/economia-de-las-ciudades-de-america-latina-hoy-vol-1/"
"FEELING INTELIGENCIA EMOCIONAL APLICADA A LA VENTA","Raquel Anon Davo / Miguel Diaz Escoto Angel","$40.600,00","https://www.yenny-elateneo.com/productos/feeling-inteligencia-emocional-aplicada-a-la-venta/"
"GESTION DE RIESGO COMUNICACIONAL","Alejandro Ruiz Balza / Gustavo Coppola","$21.500,00","https://www.yenny-elateneo.com/productos/gestion-de-riesgo-comunicacional/"
"DOCUMENTACION E INFORMES EN CONSUMO - UF1756","Enrique Garcia Prado","$23.528,08","https://www.yenny-elateneo.com/productos/documentacion-e-informes-en-consumo-uf1756/"
"EL ANTILIDER","Andres Hatum","$37.799,00","https://www.yenny-elateneo.com/productos/el-antilider/"
"DESCUBRIENDO EL BITCOIN","Andrei Boar","$39.700,00","https://www.yenny-elateneo.com/productos/descubriendo-el-bitcoin/"
"EL LADO FEMENINO DEL PODER","Patricia Debeljuh / Sandra Idrovo Carlier / Maria Bernal Gonzales","$19.200,00","https://www.yenny-elateneo.com/productos/el-lado-femenino-del-poder/"
"EL PODER DE LOS PARES","Leon Shapiro / Leo Bottary","$31.990,00","https://www.yenny-elateneo.com/productos/el-poder-de-los-pares/"
"LA ESTAFA DEL TARIFAZO","Federico Bernal","$21.900,00","https://www.yenny-elateneo.com/productos/la-estafa-del-tarifazo/"
"AJUSTADOS","Diego Rubinzal / Carlos Heller","$18.900,00","https://www.yenny-elateneo.com/productos/ajustados/"
"DIRECCION ESTRATEGICA DE RRHH VOL II - CASOS (3RA ED.)","Martha Alles","$36.900,00","https://www.yenny-elateneo.com/productos/direccion-estrategica-de-rrhh-vol-ii-casos-3ra-ed/"
"UNA REPUBLICA SIN BUITRES","Juan Jose Cruces","$4.300,00","https://www.yenny-elateneo.com/productos/una-republica-sin-buitres/"
"EL CRIMEN DE LA DEUDA EXTERNA","Nestor Forero","$26.040,00","https://www.yenny-elateneo.com/productos/el-crimen-de-la-deuda-externa/"
"LA MONEDA IMPOSIBLE","Alexandre Roig","$26.000,00","https://www.yenny-elateneo.com/productos/la-moneda-imposible/"
"LA SEGUNDA ERA DE LAS MAQUINAS","Erik Brynjolfsson / Andrew Mcafee","$28.990,00","https://www.yenny-elateneo.com/productos/la-segunda-era-de-las-maquinas/"
"DEUDAS SOCIALES EN LA ARGENTINA POSREFORMA","Agustin Salvia","$22.800,00","https://www.yenny-elateneo.com/productos/deudas-sociales-en-la-argentina-posreforma/"
"DIRECCION ESTRATEGICA DE LOS RECURSOS HUMANOS","Eneka Albizu Gallastegui / Jon Landeta Rodriguez","$88.990,68","https://www.yenny-elateneo.com/productos/direccion-estrategica-de-los-recursos-humanos/"
"ECONOMIA: VERDADES Y MENTIRAS","Thomas Sowell","$21.300,00","https://www.yenny-elateneo.com/productos/economia-verdades-y-mentiras/"
"DESPUES DEL NEOLIBERALISMO","Carlos M. Vilas","$15.000,00","https://www.yenny-elateneo.com/productos/despues-del-neoliberalismo/"
"LA QUINTA DISCIPLINA","Peter M. Senge","$57.300,00","https://www.yenny-elateneo.com/productos/la-quinta-disciplina/"
"LA EMPRESA EMERGENTE","Rafael Echeverria","$25.700,00","https://www.yenny-elateneo.com/productos/la-empresa-emergente/"
"NUEVAS TEORIAS DE LA EMPRESA","Benjamin Coriat / Olivier Weinstein","$26.910,00","https://www.yenny-elateneo.com/productos/nuevas-teorias-de-la-empresa/"
"GUIA RAPIDA DE LAS 33 ESTRATEGIAS DE LA GUERRA","Robert Greene","$27.700,00","https://www.yenny-elateneo.com/productos/guia-rapida-de-las-33-estrategias-de-la-guerra/"
"VALOR PERDURABLE","Jose Luis Roces","$29.990,00","https://www.yenny-elateneo.com/productos/valor-perdurable/"
"EL EJECUTIVO SAMURAI","Don Schmincke","$16.000,00","https://www.yenny-elateneo.com/productos/el-ejecutivo-samurai/"
"MUJERES Y VARONES EN LAS ORGANIZACIONES","Lidia Heller","$25.000,00","https://www.yenny-elateneo.com/productos/mujeres-y-varones-en-las-organizaciones/"
"GIGANTES EMERGENTES","Claudio Carlos Castro / Sebastian Vigliero","$28.880,00","https://www.yenny-elateneo.com/productos/gigantes-emergentes/"
"LA TRASTIENDA DEL TRABAJO","Jorge B. Mosqueira","$26.990,00","https://www.yenny-elateneo.com/productos/la-trastienda-del-trabajo/"
"LA RESPUESTA","Mario Alonso Puig","$23.200,00","https://www.yenny-elateneo.com/productos/la-respuesta/"
"LA ECONOMIA DE LAS DESIGUALDADES","Thomas Piketty","$22.390,00","https://www.yenny-elateneo.com/productos/la-economia-de-las-desigualdades/"
"EL ARTE DE LA GUERRA APLICADO A LA EMPRESA","Sun Tzu Sun Tzu / Carles Font","$18.500,00","https://www.yenny-elateneo.com/productos/el-arte-de-la-guerra-aplicado-a-la-empresa/"
"MI TRABAJO AHORA","Alex Markman / Matias Ghidini","$23.990,00","https://www.yenny-elateneo.com/productos/mi-trabajo-ahora/"
"EXITO MAGICO","Ernesto Costa","$23.990,00","https://www.yenny-elateneo.com/productos/exito-magico/"
"MICROFINANZAS EN LA ARGENTINA","Martin Grandes","$23.990,00","https://www.yenny-elateneo.com/productos/microfinanzas-en-la-argentina/"
"CALIDAD DE SERVICIOS Y SATISFACCION AL CLIENTE","Cristina Iglesia","$21.500,00","https://www.yenny-elateneo.com/productos/calidad-de-servicios-y-satisfaccion-al-cliente/"
"LA MARCA RECURSOS HUMANOS","Martha Alles","$39.600,00","https://www.yenny-elateneo.com/productos/la-marca-recursos-humanos/"
"PYMES QUE CRECEN A PESAR DE","Nino Fernandez","$22.390,00","https://www.yenny-elateneo.com/productos/pymes-que-crecen-a-pesar-de/"
"MARKETING SOLIDARIO","Piramide","$35.292,12","https://www.yenny-elateneo.com/productos/marketing-solidario/"
"DESARROLLO Y ECOPOLITICA","Tomas Buch","$31.200,00","https://www.yenny-elateneo.com/productos/desarrollo-y-ecopolitica/"
"INNOVAR EN ARGENTINA","Hernan Thomas / Guillermo Santos / Mariano Fressoli","$27.720,00","https://www.yenny-elateneo.com/productos/innovar-en-argentina/"
"LA RESURRECCION","Eduardo Levy Yetati","$22.900,00","https://www.yenny-elateneo.com/productos/la-resurreccion/"
"MAS ALLA DE LA ECONOMIA VERDE","Ricardo Abramovay","$26.990,00","https://www.yenny-elateneo.com/productos/mas-alla-de-la-economia-verde/"
"ENTRE GENERACIONES","Alejandro Masco","$24.990,00","https://www.yenny-elateneo.com/productos/entre-generaciones/"
"EMPUJE ESTRATEGICO","Alberto Levy / Alberto Ibanez Fernandez","$29.200,00","https://www.yenny-elateneo.com/productos/empuje-estrategico/"
"ECONOMIA CIENCIA DE LOS INTERESES APASIONADOS LA","Bruno Latour / Vincent Lepinay","$12.500,00","https://www.yenny-elateneo.com/productos/economia-ciencia-de-los-intereses-apasionados-la/"
"LA TRAMA TERRITORIAL DEL ALGODON EN EL CHACO","Cristina O. Valenzuela / Angel Scavo","$8.100,00","https://www.yenny-elateneo.com/productos/la-trama-territorial-del-algodon-en-el-chaco/"
"UN MUNDO MARAVILLOSO","Pablo Rieznik","$22.600,00","https://www.yenny-elateneo.com/productos/un-mundo-maravilloso/"
"ARGENTINA EN EL SIGLO VEINTE","David Rock","$25.060,00","https://www.yenny-elateneo.com/productos/argentina-en-el-siglo-veinte/"
"LA CUARTA PANTALLA","Roberto Igarsa","$23.000,00","https://www.yenny-elateneo.com/productos/la-cuarta-pantalla/"
"NECESARIO PERO NO SUFICIENTE","Eliyahu Goldratt","$38.700,00","https://www.yenny-elateneo.com/productos/necesario-pero-no-suficiente/"
"NO ES CUESTION DE SUERTE","Eliyahu Goldratt","$41.900,00","https://www.yenny-elateneo.com/productos/no-es-cuestion-de-suerte/"
"EL ESPIRITU TRANSFORMADOR","Jair Moggi / Daniel Burkhard","$27.600,00","https://www.yenny-elateneo.com/productos/el-espiritu-transformador/"
"CORPORACIONES EN EL PODER","Hernan Ramirez","$25.060,00","https://www.yenny-elateneo.com/productos/corporaciones-en-el-poder/"
"EL TRABAJO EN EQUIPO","Jon R. Katzenbach","$44.800,00","https://www.yenny-elateneo.com/productos/el-trabajo-en-equipo/"
"MISION RESULTADO","Jose Antonio Veiga","$21.000,00","https://www.yenny-elateneo.com/productos/mision-resultado/"
"COMO SE FINANCIAN LAS ONG ARGENTINAS?","Pablo Marsal","$13.600,00","https://www.yenny-elateneo.com/productos/como-se-financian-las-ong-argentinas/"
"LA CARRERA","Eliyahu Goldratt","$29.400,00","https://www.yenny-elateneo.com/productos/la-carrera/"
